{
    "report": {
        "Q50-": 1060.9605083711579,
        "ACH50-": 23.576900186025732,
        "AL50-": 0.03217485717860909,
        "C0-": 309.43320570765053,
        "n-": 0.31497454380615564,
        "Q50+--": "-45.5%/+83.5%",
        "C0+--": "-23.1%/+30.0%",
        "n+--": "-27.9%/+27.9%",
        "r^2-": 0.9289382729990763,
        "interior_volume-": 45.0,
        "Q50+": 3061.904543677866,
        "ACH50+": 68.04232319284147,
        "AL50+": 0.09285580434903934,
        "C0+": 41.873195548664555,
        "n+": 1.0971680119041956,
        "Q50+-+": "-94.7%/+1792.0%",
        "C0+-+": "-63.6%/+175.0%",
        "n+-+": "-44.9%/+44.9%",
        "r^2+": 0.8816369568262875,
        "interior_volume+": 45.0,
        "Q50_avg": 2061.432526024512,
        "ACH50_avg": 45.809611689433595,
        "AL50_avg": 0.0625153307638242
    },
    "depressurization": {
        "measured values": [
            [
                33.25083333333333,
                1059.3288
            ],
            [
                33.08843333333333,
                1059.3288
            ],
            [
                20.8625,
                823.1540799999999
            ],
            [
                11.31125,
                586.9793599999999
            ],
            [
                3.7662499999999994,
                350.80463999999995
            ],
            [
                0.03125,
                114.62991999999986
            ]
        ],
        "N": 6,
        "mean x": 1.7212264346613135,
        "variance of x": 7.126121620372334,
        "n": 0.31497454380615564,
        "C0": 309.43320570765053,
        "variance of n": 0.031702888359387935,
        "t": 2.7764451051977987,
        "n range": [
            0.22695321460010073,
            0.4029958730122105
        ],
        "C0 range": [
            237.96743165883908,
            402.36139931863937
        ],
        "interior_volume": 45.0,
        "margin of error of y": 0.5044398855364579,
        "Q50": 1060.9605083711579,
        "ACH50": 23.576900186025732,
        "AL50": 0.03217485717860909,
        "Q50+-": "-45.5%/+83.5%",
        "C0+-": "-23.1%/+30.0%",
        "n+-": "-27.9%/+27.9%",
        "r^2": 0.9289382729990763
    },
    "pressurization": {
        "measured values": [
            [
                15.442016806722688,
                730.1206000000002
            ],
            [
                15.430833333333334,
                730.1206000000002
            ],
            [
                9.865066666666666,
                562.3364400000003
            ],
            [
                5.823333333333332,
                394.5522800000001
            ],
            [
                3.3579166666666658,
                226.76812000000018
            ],
            [
                1.98795,
                58.983960000000025
            ]
        ],
        "N": 6,
        "mean x": 1.9037928770590185,
        "variance of x": 0.7031887628718229,
        "n": 1.0971680119041956,
        "C0": 41.873195548664555,
        "variance of n": 0.17756483879406781,
        "t": 2.7764451051977987,
        "n range": [
            0.6041689843791698,
            1.5901670394292213
        ],
        "C0 range": [
            15.226635892141664,
            115.15114158351928
        ],
        "interior_volume": 45.0,
        "margin of error of y": 0.7086717516016515,
        "Q50": 3061.904543677866,
        "ACH50": 68.04232319284147,
        "AL50": 0.09285580434903934,
        "Q50+-": "-94.7%/+1792.0%",
        "C0+-": "-63.6%/+175.0%",
        "n+-": "-44.9%/+44.9%",
        "r^2": 0.8816369568262875
    },
    "average": {}
}