{
    "measured_value": [
        [
            33.25083333333333,
            10
        ],
        [
            33.08843333333333,
            10
        ],
        [
            20.8625,
            18
        ],
        [
            11.31125,
            26
        ],
        [
            3.7662499999999994,
            34
        ],
        [
            0.03125,
            42
        ]
    ],
    "temperature": 20,
    "relative_humidity": 50,
    "atmospheric_pressure": 101325,
    "test": "depressurization",
    "test time": [
        "14:28:43",
        "14:31:11"
    ]
}