{
    "measured_value": [
        [
            15.442016806722688,
            90
        ],
        [
            15.430833333333334,
            90
        ],
        [
            9.865066666666666,
            82
        ],
        [
            5.823333333333332,
            74
        ],
        [
            3.3579166666666658,
            66
        ],
        [
            1.98795,
            58
        ]
    ],
    "temperature": 20,
    "relative_humidity": 50,
    "atmospheric_pressure": 101325,
    "test": "pressurization",
    "test time": [
        "14:31:19",
        "14:33:48"
    ]
}