{
    "measured_value": [
        [
            62.38583333333334,
            90
        ],
        [
            -59.85090000000001,
            90
        ],
        [
            -50.310283333333345,
            86
        ],
        [
            -39.929583333333326,
            82
        ],
        [
            -30.760416666666664,
            79
        ],
        [
            -22.521849999999997,
            75
        ],
        [
            -13.69416666666667,
            71
        ],
        [
            -7.136666666666666,
            67
        ],
        [
            -3.843750000000001,
            64
        ],
        [
            -0.7494000000000001,
            60
        ],
        [
            -1.1184666666666665,
            56
        ]
    ],
    "temperature": 20,
    "relative_humidity": 50,
    "atmospheric_pressure": 101325,
    "test": "depressurization",
    "test time": [
        "16:49:12",
        "16:53:51"
    ]
}