{
    "measured values": [
        [
            63.399166666666666,
            520.3904000000002
        ],
        [
            65.21295,
            520.3904000000002
        ],
        [
            50.11291666666667,
            457.47134000000005
        ],
        [
            44.306666666666665,
            415.52530000000024
        ],
        [
            31.479166666666664,
            352.60624000000007
        ],
        [
            23.55833333333333,
            289.6871800000001
        ],
        [
            16.48541666666667,
            247.7411400000001
        ],
        [
            11.06375,
            184.82208000000014
        ],
        [
            5.348333333333333,
            121.9030200000002
        ],
        [
            4.277083333333334,
            79.95698000000016
        ],
        [
            4.489583333333333,
            17.037920000000213
        ]
    ],
    "N": 11,
    "alpha": 0.025,
    "x": [
        4.149450717297911,
        4.177658068842241,
        3.914278792559485,
        3.7911351548182837,
        3.4493259513648487,
        3.159479614911544,
        2.802476151707257,
        2.40367399830095,
        1.6767849858937103,
        1.453271313116997,
        1.5017598986359115
    ],
    "mean x": 2.9526631497681035,
    "average of x": 2.9526631497681035,
    "deviation of x": [
        1.1967875675298072,
        1.2249949190741378,
        0.9616156427913816,
        0.8384720050501802,
        0.49666280159674514,
        0.20681646514344054,
        -0.15018699806084657,
        -0.5489891514671537,
        -1.2758781638743932,
        -1.4993918366511065,
        -1.450903251132192
    ],
    "average of deviation of x": 4.0371746350005693e-17,
    "variance of x": 1.1155206405838263,
    "mean squared of x": 9.732329349256522,
    "y": [
        6.254579299120002,
        6.254579299120002,
        6.125714237944565,
        6.029543502935134,
        5.865351966914382,
        5.668801651120946,
        5.512384410713917,
        5.219393632589837,
        4.803225810585597,
        4.381488740034497,
        2.8354414482228556
    ],
    "mean y": 5.359136727209249,
    "average of y": 5.359136727209249,
    "deviation of y": [
        0.8954425719107535,
        0.8954425719107535,
        0.7665775107353161,
        0.6704067757258851,
        0.5062152397051332,
        0.3096649239116971,
        0.15324768350466833,
        -0.13974309461941203,
        -0.5559109166236516,
        -0.9776479871747519,
        -2.523695278986393
    ],
    "average of deviation of y": -1.6148698540002277e-16,
    "variance of y": 1.066975073831534,
    "covariance": 0.9673790790904778,
    "n": 0.8671996231142652,
    "C": 16.421449170368067,
    "T": 293.15,
    "P": 101325.0,
    "H": 0.5,
    "density at STP": 1.1919,
    "partial pressure": 1169.6253703185948,
    "density of air": 1.1988431434098346,
    "viscousity at STP": 1.827e-05,
    "viscousity of air": 1.8134058821488234e-05,
    "C0": 16.344228721767454,
    "variance of n": 0.15071920518873186,
    "variance of ln(C)": 0.4701939036131357,
    "t": 2.2621571627409915,
    "margin of error of n": 0.340950529580319,
    "n range": [
        0.5262490935339462,
        1.2081501526945844
    ],
    "margin of error of ln(C)": 1.0636525069356022,
    "C range": [
        5.668564151547581,
        47.57183400338882
    ],
    "C0 range": [
        5.641908217460245,
        47.34813155640112
    ],
    "interior_volume": 500.0,
    "margin of error of y": 0.6021643816295377,
    "Q50": 486.0831634996448,
    "ACH50": 0.9721663269992896,
    "AL50": 0.01474103535346323,
    "Q50+-": "-90.9%/+999.5%",
    "C0+-": "-65.5%/+189.7%",
    "n+-": "-39.3%/+39.3%",
    "SST": 313585.58796652517,
    "SSR": 29490.42361270901,
    "r^2": 0.9059573375041168
}